{"eval/loss": 1.4048534631729126, "eval/accuracy": 0.5855711422845692, "eval/precision": 0.590689082029659, "eval/recall": 0.5855711422845692, "eval/f1": 0.5868729229135633, "eval/runtime": 209.0392, "eval/samples_per_second": 10.233, "eval/steps_per_second": 1.282, "train/epoch": 5.0, "train/global_step": 0, "_timestamp": 1719183045.1156626, "_runtime": 2615.3862285614014, "_step": 7, "train/loss": 1.2176, "train/grad_norm": 4.850163459777832, "train/learning_rate": 5e-05, "train_runtime": 2406.307, "train_samples_per_second": 5.184, "train_steps_per_second": 0.324, "total_flos": 429532659033150.0, "train_loss": 0.917282466399364, "_wandb": {"runtime": 2612}}