{"eval/loss": 1.5248708724975586, "eval/accuracy": 0.5703406813627254, "eval/precision": 0.5774661862733441, "eval/recall": 0.5703406813627254, "eval/f1": 0.5724974727584652, "eval/runtime": 163.2283, "eval/samples_per_second": 13.104, "eval/steps_per_second": 1.642, "train/epoch": 5.0, "train/global_step": 0, "_timestamp": 1719185611.448899, "_runtime": 2397.3081300258636, "_step": 7, "train/loss": 1.1429, "train/grad_norm": 3.3655967712402344, "train/learning_rate": 5e-05, "train_runtime": 2234.0845, "train_samples_per_second": 5.584, "train_steps_per_second": 0.349, "total_flos": 429532659033150.0, "train_loss": 0.8365647829495944, "_wandb": {"runtime": 2395}}