{"eval/loss": 1.5533543825149536, "eval/accuracy": 0.5727454909819639, "eval/precision": 0.5799105960880501, "eval/recall": 0.5727454909819639, "eval/f1": 0.5746087199761549, "eval/runtime": 312.6172, "eval/samples_per_second": 6.842, "eval/steps_per_second": 0.857, "train/epoch": 5.0, "train/global_step": 0, "_timestamp": 1719180054.3541102, "_runtime": 3304.309918165207, "_step": 7, "train/loss": 1.1616, "train/grad_norm": 8.19406795501709, "train/learning_rate": 5e-05, "train_runtime": 2991.5607, "train_samples_per_second": 4.17, "train_steps_per_second": 0.261, "total_flos": 429532659033150.0, "train_loss": 0.865917489467523, "_wandb": {"runtime": 3302}}