{
    "averge_document_length": {
        "stars": 2.7586934673366836,
        "genres": 2.388743718592965,
        "summaries": 2.480502512562814
    },
    "document_count": 9950
}